{"cameraMode":{"drawMode":0,"name":"Shaded","section":"Shading Mode"},"sceneLighting":true,"audioPlay":false,"sceneViewState":{"showFog":true,"showMaterialUpdate":false,"showSkybox":true,"showFlares":true,"showImageEffects":true,"showParticleSystems":true},"in2DMode":false,"pivot":{"x":1.8980989456176758,"y":-0.012571334838867188,"z":-1.8894166946411133},"rotation":{"x":0.10283076763153076,"y":0.6989713907241821,"z":-0.10264529287815094,"w":0.7002347707748413},"size":21.700925827026368,"orthographic":false}